fold,cv_score
1,0.48632078
2,0.50805709
3,0.49582183
4,0.50031821
5,0.49875823
