fold,cv_score
1,0.42259069
2,0.41886949
3,0.42067236
4,0.41584924
5,0.41454145
