fold,cv_score
1,0.81566412
2,0.81044985
3,0.81492767
4,0.80775218
5,0.80864473
