fold,cv_score
1,0.80835809
2,0.79637566
3,0.80132451
4,0.79775055
5,0.80119626
