fold,cv_score
1,0.67887449
2,0.6722082
3,0.69065799
4,0.66471172
5,0.67489588
