fold,cv_score
1,0.39977975
2,0.40022371
3,0.40820958
4,0.38911108
5,0.40877802
